Product Name,Price,Rating,No of Reviews,ASIN,Manufacturer,URL
"uppercase Medium 23 Ltrs Tall Boy (14.6 inch) Laptop Backpack 2500EBP1 3x more water resistant sustainable bag with rain proof zippers for Men, Women, Boys and Girls, 750 Days warranty","1,700","['4.0', 'out', 'of', '5', 'stars']",270,‎B0B81YTTWS,‎AcefourAccessoriesPvt.Ltd.,https://www.amazon.in//sspa/click?ie=UTF8&spc=MToxOTU3MzI5OTQ0NDExNjA0OjE2OTMyMjkxOTc6c3BfYXRmOjIwMDY1NTMzNjg0Njk4OjowOjo&url=%2FUppercase-Medium-Size-Backpack-_Blue%2Fdp%2FB0B81YTTWS%2Fref%3Dsr_1_1_sspa%3Fcrid%3D2M096C61O4MLT%26keywords%3Dbags%26qid%3D1693229197%26sprefix%3Dba%252Caps%252C283%26sr%3D8-1-spons%26sp_csd%3Dd2lkZ2V0TmFtZT1zcF9hdGY%26psc%3D1
"uppercase Medium 17 Ltrs Vegan Leather (upto 14 inch) Laptop Backpack 2300EBP1 3x more water resistant sustainable bags with rain proof zippers for Men, Women, Boys and Girls, 750 Days warranty","1,600","['4.1', 'out', 'of', '5', 'stars']",544,‎B0B69M182Q,‎AcefourAccessoriesPvt.Ltd.,https://www.amazon.in//sspa/click?ie=UTF8&spc=MToxOTU3MzI5OTQ0NDExNjA0OjE2OTMyMjkxOTc6c3BfYXRmOjIwMDYzNzg0NDU4Mzk4OjowOjo&url=%2Fuppercase-Backpack-2300EBP1-repellent-sustainable%2Fdp%2FB0B69M182Q%2Fref%3Dsr_1_2_sspa%3Fcrid%3D2M096C61O4MLT%26keywords%3Dbags%26qid%3D1693229197%26sprefix%3Dba%252Caps%252C283%26sr%3D8-2-spons%26sp_csd%3Dd2lkZ2V0TmFtZT1zcF9hdGY%26psc%3D1
Skybags Brat Black 46 Cms Casual Backpack,672,"['4.1', 'out', 'of', '5', 'stars']","5,635",‎B08Z1HHHTD,‎VIPIndustriesLtd,https://www.amazon.in//Skybags-Brat-Black-Casual-Backpack/dp/B08Z1HHHTD/ref=sr_1_3?crid=2M096C61O4MLT&keywords=bags&qid=1693229197&sprefix=ba%2Caps%2C283&sr=8-3
American Tourister Fizz Large Size 32 Ltrs Casual Backpack (BLACK),"1,199","['4.0', 'out', 'of', '5', 'stars']","55,378",B07CJCGM1M,"Samsonite, Samsonite India",https://www.amazon.in//American-Tourister-AMT-SCH-02/dp/B07CJCGM1M/ref=sr_1_4?crid=2M096C61O4MLT&keywords=bags&qid=1693229197&sprefix=ba%2Caps%2C283&sr=8-4
"FUR JADEN Anti Theft Number Lock Backpack Bag with 15.6 Inch Laptop Compartment, USB Charging Port & Organizer Pocket for Men Women Boys Girls",679,"['4.0', 'out', 'of', '5', 'stars']","5,735",‎B09VTDMRY7,‎FURJADEN,https://www.amazon.in//Number-Backpack-Compartment-Charging-Organizer/dp/B09VTDMRY7/ref=sr_1_5?crid=2M096C61O4MLT&keywords=bags&qid=1693229197&sprefix=ba%2Caps%2C283&sr=8-5
TRUE HUMAN EMPEROR® Anti-Theft backpack With USB charging Port Laptop bag/Office bag/college bag/travel bag with anti -theft back pocket (LEGEND),599,"['3.7', 'out', 'of', '5', 'stars']","2,491",‎B09QJ7ZF2Y,‎FURJADEN,https://www.amazon.in//TRUE-HUMAN-Anti-Theft-backpack-charging/dp/B09QJ7ZF2Y/ref=sr_1_6?crid=2M096C61O4MLT&keywords=bags&qid=1693229197&sprefix=ba%2Caps%2C283&sr=8-6
"Mi Step Out 12 L Mini Backpack (Small Size, Black, Water Repellant)",398,"['4.1', 'out', 'of', '5', 'stars']","9,752",B088XB5XY8,‎FURJADEN,https://www.amazon.in//Backpack-Small-Black-Water-Repellant/dp/B088XB5XY8/ref=sr_1_7?crid=2M096C61O4MLT&keywords=bags&qid=1693229197&sprefix=ba%2Caps%2C283&sr=8-7
"Half Moon 35 Ltrs Water Resistant 15.6 inch Laptop Bag for Men/Backpack for Men, Navy Blue | Office Bag for Men/Office Bag for Women with Padded Laptop Compartment | Rain Cover & Reflective Strips",649,"['3.9', 'out', 'of', '5', 'stars']","17,065",‎B085MHDJ93,‎AmazingBags,https://www.amazon.in//Half-Moon-Waterproof-Backpack-Students/dp/B085MHDJ93/ref=sr_1_8?crid=2M096C61O4MLT&keywords=bags&qid=1693229197&sprefix=ba%2Caps%2C283&sr=8-8
Half Moon Large 37L Laptop Bag Backpack for menं Women Boys and Girls Luggage Travel Bags with 17.3 inches Laptop Compartment & Rain Cover,849,"['3.9', 'out', 'of', '5', 'stars']","3,489",‎B09VCLZ3K4,‎AmazingBags,https://www.amazon.in//Half-Moon-Backpack-Luggage-Compartment/dp/B09VCLZ3K4/ref=sr_1_9?crid=2M096C61O4MLT&keywords=bags&qid=1693229197&sprefix=ba%2Caps%2C283&sr=8-9
Wesley Milestone 2.0 Casual Waterproof Laptop Backpack/Office Bag/School Bag/College Bag/Business Bag/Travel Backpack (Dimensions:13x18 inches) (Compatible with 39.62cm(15.6inch laptop) 30 L (Blue & black),550,"['4.3', 'out', 'of', '5', 'stars']","12,449",B084JGJ8PF,‎AmazingBags,https://www.amazon.in//Wesley-Milestone-Waterproof-Backpack-Business/dp/B084JGJ8PF/ref=sr_1_10?crid=2M096C61O4MLT&keywords=bags&qid=1693229197&sprefix=ba%2Caps%2C283&sr=8-10
Forever Manifest Large 35 L Laptop Backpack Spacy unisex Backpack with rain cover (Navy Blue),799,No rating,No reviews,‎B0B9JRQ7HH,"‎FOREVERBAGSIBLDNG.NO.B7B,GALANO.102/103/104,ParasnathComplex,Bhiwandi-421302",https://www.amazon.in//sspa/click?ie=UTF8&spc=MToxOTU3MzI5OTQ0NDExNjA0OjE2OTMyMjkxOTc6c3BfbXRmOjIwMTAzMjc2MzAzNDk4OjowOjo&url=%2FForever-Manifest-Laptop-Backpack-unisex%2Fdp%2FB0B9JRQ7HH%2Fref%3Dsr_1_11_sspa%3Fcrid%3D2M096C61O4MLT%26keywords%3Dbags%26qid%3D1693229197%26sprefix%3Dba%252Caps%252C283%26sr%3D8-11-spons%26sp_csd%3Dd2lkZ2V0TmFtZT1zcF9tdGY%26psc%3D1
Red Lemon Medium Size Unisex Adult Bange Series Rhombus Shell Design Waterproof Sling Bag With Usb Charging,"1,899","['4.1', 'out', 'of', '5', 'stars']",95,‎B09VGNTDRZ,"‎FOREVERBAGSIBLDNG.NO.B7B,GALANO.102/103/104,ParasnathComplex,Bhiwandi-421302",https://www.amazon.in//sspa/click?ie=UTF8&spc=MToxOTU3MzI5OTQ0NDExNjA0OjE2OTMyMjkxOTc6c3BfbXRmOjIwMDk4NzE5MDg2ODk4OjowOjo&url=%2FRed-Lemon-Unisex-adult-Waterproof-Charging%2Fdp%2FB09VGNTDRZ%2Fref%3Dsr_1_12_sspa%3Fcrid%3D2M096C61O4MLT%26keywords%3Dbags%26qid%3D1693229197%26sprefix%3Dba%252Caps%252C283%26sr%3D8-12-spons%26sp_csd%3Dd2lkZ2V0TmFtZT1zcF9tdGY%26psc%3D1
Fur Jaden Brown Textured Leatherette Stylish & Spacious Weekender Duffle Bag for Travel,899,"['4.3', 'out', 'of', '5', 'stars']","6,543",‎B07M9BRCQ5,‎No,https://www.amazon.in//FUR-JADEN-Leatherette-Polypropylene-DUFF05/dp/B07M9BRCQ5/ref=sr_1_13?crid=2M096C61O4MLT&keywords=bags&qid=1693229197&sprefix=ba%2Caps%2C283&sr=8-13
POLICE Backpack for Men Casual Laptop Bag Office/Travel/College 30 Ltr Hedge Polyester - Black,"1,399","['4.1', 'out', 'of', '5', 'stars']","5,896",‎B09CQ5T3LN,‎No,https://www.amazon.in//Police-Polyester-laptop-casual-backpack/dp/B09CQ5T3LN/ref=sr_1_14?crid=2M096C61O4MLT&keywords=bags&qid=1693229197&sprefix=ba%2Caps%2C283&sr=8-14
Lunar's Bingo - 48 L Laptop Office/School/Travel/Business Backpack Water Resistant - Fits Up to 15.6 Inch Laptop Notebook with 1 Year Warranty,819,"['3.9', 'out', 'of', '5', 'stars']","10,146",‎B08YZ8FFBZ,"‎AkshayaRubbers,HebbalIndustrialArea,Mysore",https://www.amazon.in//Lunars-Bingo-Laptop-Resistant-48L/dp/B08YZ8FFBZ/ref=sr_1_15?crid=2M096C61O4MLT&keywords=bags&qid=1693229197&sprefix=ba%2Caps%2C283&sr=8-15
"Fur Jaden 55 LTR Rucksack Travel Backpack Bag for Trekking, Hiking with Shoe Compartment",849,"['4.3', 'out', 'of', '5', 'stars']","5,630",‎B07YDGQQN5,‎FurJaden,https://www.amazon.in//Rucksack-Travel-Backpack-Trekking-Compartment/dp/B07YDGQQN5/ref=sr_1_16?crid=2M096C61O4MLT&keywords=bags&qid=1693229197&sprefix=ba%2Caps%2C283&sr=8-16
Half Moon Aztec 37L School Bag Class 5-12 | College Bagpack for Men/College Back pack for Women | 15.6 inch Laptop Bag for Men/Backpack for Men | Spacious & Multiple Pockets,649,"['3.6', 'out', 'of', '5', 'stars']",249,‎B0C23Z9W18,‎Half_Moon,https://www.amazon.in//Half-Moon-Backpack-Spacious-Multiple/dp/B0C23Z9W18/ref=sr_1_17?crid=2M096C61O4MLT&keywords=bags&qid=1693229197&sprefix=ba%2Caps%2C283&sr=8-17
"Lenovo 15.6"" (39.62cm) Slim Everyday Backpack, Made in India, Compact, Water-resistant, Organized storage:Laptop sleeve,tablet pocket,front workstation,2-side pockets,Padded adjustable shoulder straps",839,"['4.3', 'out', 'of', '5', 'stars']","4,334",B08R7RPVJF,‎Half_Moon,https://www.amazon.in//Lenovo-15-6-Inches-Everyday-Backpack/dp/B08R7RPVJF/ref=sr_1_18?crid=2M096C61O4MLT&keywords=bags&qid=1693229197&sprefix=ba%2Caps%2C283&sr=8-18
Gear Classic 20L Small Size Faux Leather Water Resistant Anti Theft Unisex Laptop Backpack- Brown,979,"['4.4', 'out', 'of', '5', 'stars']","6,067",‎B07G4F6XFH,‎GearMerchandisePVTLTD,https://www.amazon.in//Gear-Classic-Leather-Backpack-LBPCLSLTH0201/dp/B07G4F6XFH/ref=sr_1_19?crid=2M096C61O4MLT&keywords=bags&qid=1693229197&sprefix=ba%2Caps%2C283&sr=8-19
Lavie Sport Lino Large Size 63 cms Wheel Duffle Bag for Travel | Travel Bag with Trolley,"1,049","['4.0', 'out', 'of', '5', 'stars']","8,369",‎B097RJ22Q3,‎BagzoneLifestylePvtLtd,https://www.amazon.in//Lavie-Sport-Duffle-Luggage-Trolley/dp/B097RJ22Q3/ref=sr_1_20?crid=2M096C61O4MLT&keywords=bags&qid=1693229197&sprefix=ba%2Caps%2C283&sr=8-20
Forever Manifest Large 35 L Laptop Backpack Spacy unisex Backpack with rain cover (Navy Blue),799,No rating,No reviews,‎B0B9JRQ7HH,"‎FOREVERBAGSIBLDNG.NO.B7B,GALANO.102/103/104,ParasnathComplex,Bhiwandi-421302",https://www.amazon.in//sspa/click?ie=UTF8&spc=MTozNzUzNzgyMDIwMDY2NjA0OjE2OTMyMjIwNzc6c3BfYXRmX25leHQ6MjAxMDMyNzYzMDM0OTg6OjA6Og&url=%2FForever-Manifest-Laptop-Backpack-unisex%2Fdp%2FB0B9JRQ7HH%2Fref%3Dsr_1_17_sspa%3Fcrid%3D2M096C61O4MLT%26keywords%3Dbags%26qid%3D1693222077%26sprefix%3Dba%252Caps%252C283%26sr%3D8-17-spons%26sp_csd%3Dd2lkZ2V0TmFtZT1zcF9hdGZfbmV4dA%26psc%3D1
FRBG-NAVY BLUE LAPTOP BACKPACK,799,5.0 out of 5 stars,1,‎B0B5VHV5NH,"‎FOREVERBAGSIBLDNG.NO.B7B,GALANO.102/103/104,ParasnathComplex,Bhiwandi-421302",https://www.amazon.in//sspa/click?ie=UTF8&spc=MTozNzUzNzgyMDIwMDY2NjA0OjE2OTMyMjIwNzc6c3BfYXRmX25leHQ6MjAxMDMyNzYzMDQxOTg6OjA6Og&url=%2FGeneric-FRBG-004-FRBG-NAVY-LAPTOP-BACKPACK%2Fdp%2FB0B5VHV5NH%2Fref%3Dsr_1_18_sspa%3Fcrid%3D2M096C61O4MLT%26keywords%3Dbags%26qid%3D1693222077%26sprefix%3Dba%252Caps%252C283%26sr%3D8-18-spons%26sp_csd%3Dd2lkZ2V0TmFtZT1zcF9hdGZfbmV4dA%26psc%3D1
Gear CarryOn 16L Foldable Water Resistant School Bag//Backpack/College Bag for Men/Women - Blue Black,199,3.7 out of 5 stars,7.1K+,‎B019HA8AYG,‎No,https://www.amazon.in//GEAR-Black-Blue-Backpack-years/dp/B019HA8AYG/ref=sr_1_19?crid=2M096C61O4MLT&keywords=bags&qid=1693222077&sprefix=ba%2Caps%2C283&sr=8-19
Zipline Unisex Casual Polyester 36 L Backpack School Bag Women Men Boys Girls Children Daypack College Bag Book School Sports Bag,843,3.6 out of 5 stars,921,‎B08WQ668WJ,‎AtulituAgency,https://www.amazon.in//Zipline-Nexa-Resistant-Bagpack-Backpack/dp/B08WQ668WJ/ref=sr_1_20?crid=2M096C61O4MLT&keywords=bags&qid=1693222077&sprefix=ba%2Caps%2C283&sr=8-20
Sfane Polyester 23cms Duffle/Shoulder/Gym Bag for Men & Women with Separate Shoe Compartment (Grey),387,4.3 out of 5 stars,7.9K+,‎B07XXFB9CZ,‎No,https://www.amazon.in//SFANE-Duffel-Shoulder-Women-Compartment/dp/B07XXFB9CZ/ref=sr_1_21?crid=2M096C61O4MLT&keywords=bags&qid=1693222077&sprefix=ba%2Caps%2C283&sr=8-21
ADISA 15.6 inch laptop backpack office bag college travel back pack 32 Ltrs,499,3.9 out of 5 stars,1.1K+,‎B09TPX22NF,‎ADISA,https://www.amazon.in//ADISA-Laptop-Backpack-Office-College/dp/B09TPX22NF/ref=sr_1_22?crid=2M096C61O4MLT&keywords=bags&qid=1693222077&sprefix=ba%2Caps%2C283&sr=8-22
Red Lemon Swisslook Polyester Bange Series 45L 15.6-inch Laptop Bags Backpack for Men and Women Semi Waterproof USB with Anti Theft Pocket Travel Backpack,"2,844",4.3 out of 5 stars,1.7K+,‎B07XYTZP4Z,‎RedLemon,https://www.amazon.in//Swisslook-Polyester-15-6-inch-Backpack-Waterproof/dp/B07XYTZP4Z/ref=sr_1_23?crid=2M096C61O4MLT&keywords=bags&qid=1693222077&sprefix=ba%2Caps%2C283&sr=8-23
Gear Aspire 30L Water Restant Office Laptop Bag/Backpack for Men/Women/(Black),"1,115",4.3 out of 5 stars,6.1K+,‎B075MK4TXP,‎GearMerchandisePVTLTD,https://www.amazon.in//Gear-Black-Laptop-Backpack-LBPASPIRE0104/dp/B075MK4TXP/ref=sr_1_24?crid=2M096C61O4MLT&keywords=bags&qid=1693222077&sprefix=ba%2Caps%2C283&sr=8-24
Arctic Fox 15 Liters Draw String Bag Lavender Backpack,209,4.2 out of 5 stars,3.5K+,‎B08L6Q9V1H,‎ArcticFox,https://www.amazon.in//Arctic-Fox-Liters-String-Backpack/dp/B08L6Q9V1H/ref=sr_1_25?crid=2M096C61O4MLT&keywords=bags&qid=1693222077&sprefix=ba%2Caps%2C283&sr=8-25
"Golden Wolf Laptop Bag Anti-theft Backpack with Lock College School Laptop Backpack with Rain Cover Water Resistant Business Backpack with USB Port for 15.6-inch Laptop Office Travel Bag for Men and Women Gifts, Dark Grey","1,999",4.4 out of 5 stars,3.5K+,‎B08HM4TQZZ,‎aharctichunter,https://www.amazon.in//Hoteon-Backpack-Anti-Theft-Earphone-Resistant/dp/B08HM4TQZZ/ref=sr_1_26?crid=2M096C61O4MLT&keywords=bags&qid=1693222077&sprefix=ba%2Caps%2C283&sr=8-26
Red Lemon Medium Size Unisex Adult Bange Series Rhombus Shell Design Waterproof Sling Bag With Usb Charging,"1,899",4.1 out of 5 stars,95,‎B09VGNTDRZ,‎aharctichunter,https://www.amazon.in//sspa/click?ie=UTF8&spc=MTozNzUzNzgyMDIwMDY2NjA0OjE2OTMyMjIwNzc6c3BfbXRmOjIwMDk4NzE5MDg2ODk4OjowOjo&url=%2FRed-Lemon-Unisex-adult-Waterproof-Charging%2Fdp%2FB09VGNTDRZ%2Fref%3Dsr_1_27_sspa%3Fcrid%3D2M096C61O4MLT%26keywords%3Dbags%26qid%3D1693222077%26sprefix%3Dba%252Caps%252C283%26sr%3D8-27-spons%26sp_csd%3Dd2lkZ2V0TmFtZT1zcF9tdGY%26psc%3D1
"uppercase Medium 17 Ltrs Vegan Leather (upto 14 inch) Laptop Backpack 2300EBP1 3x more water resistant sustainable bags with rain proof zippers for Men, Women, Boys and Girls, 750 Days warranty","1,600",4.1 out of 5 stars,544,‎B0B69M182Q,‎AcefourAccessoriesPvt.Ltd.,https://www.amazon.in//sspa/click?ie=UTF8&spc=MTozNzUzNzgyMDIwMDY2NjA0OjE2OTMyMjIwNzc6c3BfbXRmOjIwMDYzNzg0NDU4Mzk4OjowOjo&url=%2Fuppercase-Backpack-2300EBP1-repellent-sustainable%2Fdp%2FB0B69M182Q%2Fref%3Dsr_1_28_sspa%3Fcrid%3D2M096C61O4MLT%26keywords%3Dbags%26qid%3D1693222077%26sprefix%3Dba%252Caps%252C283%26sr%3D8-28-spons%26sp_csd%3Dd2lkZ2V0TmFtZT1zcF9tdGY%26psc%3D1
"American Tourister VALEX BLUE LAPTOP BACKPACK 28 Ltrs,Volume, LAPTOP COMPARTMENT, BOTTLE POCKET, FRONT ORGANIZER","1,399",4.2 out of 5 stars,694,‎B0BTD4FK9G,‎EXPERTS,https://www.amazon.in//American-Tourister-BACKPACK-COMPARTMENT-ORGANIZER/dp/B0BTD4FK9G/ref=sr_1_29?crid=2M096C61O4MLT&keywords=bags&qid=1693222077&sprefix=ba%2Caps%2C283&sr=8-29
Safari Quill Large Laptop Backpack 26 Ltrs Water Resistant Fabric - Black,859,3.9 out of 5 stars,1K+,‎B09B25Z8M2,‎SafariIndustries,https://www.amazon.in//Safari-Laptop-Backpack-Resistant-Fabric/dp/B09B25Z8M2/ref=sr_1_30?crid=2M096C61O4MLT&keywords=bags&qid=1693222077&sprefix=ba%2Caps%2C283&sr=8-30
ADISA Laptop Backpack 31 Ltrs,399,4.0 out of 5 stars,9K+,‎B07G3CG9FC,‎ADISA,https://www.amazon.in//ADISA-BP004-Weight-Casual-Backpack/dp/B07G3CG9FC/ref=sr_1_31?crid=2M096C61O4MLT&keywords=bags&qid=1693222077&sprefix=ba%2Caps%2C283&sr=8-31
Safari Seek 45 Ltrs Overnighter Expandable Travel Laptop Backpack,"2,249",4.5 out of 5 stars,7.4K+,‎B07BZ5VC4H,‎No,https://www.amazon.in//Safari-45L-21-OB-BLK/dp/B07BZ5VC4H/ref=sr_1_32?crid=2M096C61O4MLT&keywords=bags&qid=1693222077&sprefix=ba%2Caps%2C283&sr=8-32
ADISA Light Weight Laptop Backpack 32 Ltrs,499,4.0 out of 5 stars,6K+,‎B07F3X45WZ,‎ADISA,https://www.amazon.in//ADISA-BP005-Weight-Casual-Backpack/dp/B07F3X45WZ/ref=sr_1_33?crid=2M096C61O4MLT&keywords=bags&qid=1693222077&sprefix=ba%2Caps%2C283&sr=8-33
Safari Quill Large Laptop Backpack 26 Ltrs Water Resistant Fabric - Blue,859,4.0 out of 5 stars,784,‎B09B28TKLG,‎SafariIndustries,https://www.amazon.in//Safari-Laptop-Backpack-Resistant-Fabric/dp/B09B28TKLG/ref=sr_1_34?crid=2M096C61O4MLT&keywords=bags&qid=1693222077&sprefix=ba%2Caps%2C283&sr=8-34
FUR JADEN Anti Theft Backpack 15.6 Inch Laptop Bag with USB Charging Port For Men Women Boys Girls,839,4.0 out of 5 stars,13.9K+,‎B078GLXMDY,‎No,https://www.amazon.in//Fur-Jaden-Black-Waterproof-Backpack/dp/B078GLXMDY/ref=sr_1_35?crid=2M096C61O4MLT&keywords=bags&qid=1693222077&sprefix=ba%2Caps%2C283&sr=8-35
Genie Flamenco2 Casual Backpacks for Women,733,4.4 out of 5 stars,1.5K+,‎B08YF9VHTY,‎Safari,https://www.amazon.in//Genie-Flamenco2-Backpack-Compatible-Resistant/dp/B08YF9VHTY/ref=sr_1_36?crid=2M096C61O4MLT&keywords=bags&qid=1693222077&sprefix=ba%2Caps%2C283&sr=8-36
uppercase 14 Ltrs Medium (14.6 Inch) Laptop Backpack 2100EBP1 Roll Top Office College 3x More Water Repellent Sustainable Bags With Rainproof Zippers For Unisex,"1,000",4.2 out of 5 stars,182,‎B0B691HSL3,‎AcefourAccessoriesPvt.Ltd.,https://www.amazon.in//sspa/click?ie=UTF8&spc=MTozNzUzNzgyMDIwMDY2NjA0OjE2OTMyMjIwNzc6c3BfYnRmOjIwMDk3NTc5NTAxNzk4OjowOjo&url=%2FUppercase-Medium-Laptop-Backpack-2100Ebp1%2Fdp%2FB0B691HSL3%2Fref%3Dsr_1_37_sspa%3Fcrid%3D2M096C61O4MLT%26keywords%3Dbags%26qid%3D1693222077%26sprefix%3Dba%252Caps%252C283%26sr%3D8-37-spons%26sp_csd%3Dd2lkZ2V0TmFtZT1zcF9idGY%26psc%3D1
"uppercase Medium 23 Ltrs Tall Boy (14.6 inch) Laptop Backpack 2500EBP1 3x more water resistant sustainable bag with rain proof zippers for Men, Women, Boys and Girls, 750 Days warranty","1,700",4.0 out of 5 stars,269,‎B0B81YTTWS,‎AcefourAccessoriesPvt.Ltd.,https://www.amazon.in//sspa/click?ie=UTF8&spc=MTozNzUzNzgyMDIwMDY2NjA0OjE2OTMyMjIwNzc6c3BfYnRmOjIwMDY1NTMzNjg0Njk4OjowOjo&url=%2FUppercase-Medium-Size-Backpack-_Blue%2Fdp%2FB0B81YTTWS%2Fref%3Dsr_1_38_sspa%3Fcrid%3D2M096C61O4MLT%26keywords%3Dbags%26qid%3D1693222077%26sprefix%3Dba%252Caps%252C283%26sr%3D8-38-spons%26sp_csd%3Dd2lkZ2V0TmFtZT1zcF9idGY%26psc%3D1
Forever Manifest Large 35 L Laptop Backpack Spacy unisex Backpack with rain cover (Navy Blue),799,No rating,No reviews,‎B0B9JRQ7HH,"‎FOREVERBAGSIBLDNG.NO.B7B,GALANO.102/103/104,ParasnathComplex,Bhiwandi-421302",https://www.amazon.in//sspa/click?ie=UTF8&spc=MTozNjczNTY4NjYxMzIyNjA0OjE2OTMyMjE4MjY6c3BfYXRmX25leHQ6MjAxMDMyNzYzMDM0OTg6OjA6Og&url=%2FForever-Manifest-Laptop-Backpack-unisex%2Fdp%2FB0B9JRQ7HH%2Fref%3Dsr_1_33_sspa%3Fcrid%3D2M096C61O4MLT%26keywords%3Dbags%26qid%3D1693221826%26sprefix%3Dba%252Caps%252C283%26sr%3D8-33-spons%26sp_csd%3Dd2lkZ2V0TmFtZT1zcF9hdGZfbmV4dA%26psc%3D1
"uppercase Medium 23 Ltrs Tall Boy (14.6 inch) Laptop Backpack 2500EBP1 3x more water resistant sustainable bag with rain proof zippers for Men, Women, Boys and Girls, 750 Days warranty","1,700",4.0 out of 5 stars,269,‎B0B81YTTWS,‎AcefourAccessoriesPvt.Ltd.,https://www.amazon.in//sspa/click?ie=UTF8&spc=MTozNjczNTY4NjYxMzIyNjA0OjE2OTMyMjE4MjY6c3BfYXRmX25leHQ6MjAwNjU1MzM2ODQ2OTg6OjA6Og&url=%2FUppercase-Medium-Size-Backpack-_Blue%2Fdp%2FB0B81YTTWS%2Fref%3Dsr_1_34_sspa%3Fcrid%3D2M096C61O4MLT%26keywords%3Dbags%26qid%3D1693221826%26sprefix%3Dba%252Caps%252C283%26sr%3D8-34-spons%26sp_csd%3Dd2lkZ2V0TmFtZT1zcF9hdGZfbmV4dA%26psc%3D1
"Wesley Milestone 2.0 Casual Waterproof Laptop Backpack/Office Bag/School Bag/College Bag/Business Bag/Travel Backpack (Dimensions:13x18 inches) (Compatible with 39.62cm(15.6inch laptop) 30 L, Charcoal black",550,4.3 out of 5 stars,"12,435",B085S444JV,‎AcefourAccessoriesPvt.Ltd.,https://www.amazon.in//Wesley-Milestone-Waterproof-Backpack-Business/dp/B085S444JV/ref=sr_1_35?crid=2M096C61O4MLT&keywords=bags&qid=1693221826&sprefix=ba%2Caps%2C283&sr=8-35
ADISA 32L large laptop backpack office bag college travel back pack with rain cover,599,3.9 out of 5 stars,331,‎B0BPTV3795,‎ADISA,https://www.amazon.in//ADISA-Laptop-Backpack-Office-College/dp/B0BPTV3795/ref=sr_1_36?crid=2M096C61O4MLT&keywords=bags&qid=1693221826&sprefix=ba%2Caps%2C283&sr=8-36
Safari Compact Size 15 Ltrs Casual Backpack For Unisex Adult - Sea Blue,329,4.0 out of 5 stars,"20,577",‎B07Q7CNPMV,‎SafariIndustries(India)Ltd,https://www.amazon.in//SAFARI-Ltrs-Casual-Backpack-DAYPACKNEO15CBSEB/dp/B07Q7CNPMV/ref=sr_1_37?crid=2M096C61O4MLT&keywords=bags&qid=1693221826&sprefix=ba%2Caps%2C283&sr=8-37
ADISA 32L large laptop backpack office bag college travel back pack with rain cover,599,3.9 out of 5 stars,331,‎B0BPVCBFM7,‎ADISA,https://www.amazon.in//ADISA-Laptop-Backpack-Office-College/dp/B0BPVCBFM7/ref=sr_1_38?crid=2M096C61O4MLT&keywords=bags&qid=1693221826&sprefix=ba%2Caps%2C283&sr=8-38
ADISA 32L large laptop backpack office bag college travel back pack with rain cover,599,3.9 out of 5 stars,331,‎B0BPVLXD53,‎ADISA,https://www.amazon.in//ADISA-Laptop-Backpack-Office-College/dp/B0BPVLXD53/ref=sr_1_39?crid=2M096C61O4MLT&keywords=bags&qid=1693221826&sprefix=ba%2Caps%2C283&sr=8-39
ADISA 31 Ltrs Casual Backpack School College Bag Pack,399,3.9 out of 5 stars,224,‎B0BX3QFVSM,‎ADISA,https://www.amazon.in//ADISA-Casual-Backpack-College-BP046-NAV_Navy/dp/B0BX3QFVSM/ref=sr_1_40?crid=2M096C61O4MLT&keywords=bags&qid=1693221826&sprefix=ba%2Caps%2C283&sr=8-40
"Safari Spartan 21 Ltrs Water Resistant Backpack - Blue, S (SPARTAN19CBBLU)",609,3.8 out of 5 stars,980,‎B09B26MB5M,‎SafariIndustries,https://www.amazon.in//Safari-Spartan-Water-Resistant-Backpack/dp/B09B26MB5M/ref=sr_1_41?crid=2M096C61O4MLT&keywords=bags&qid=1693221826&sprefix=ba%2Caps%2C283&sr=8-41
Safari Sheild 26 Ltrs Water Resistant Casual Backpack - (SHEILD19CBBLK),709,4.0 out of 5 stars,563,‎B09B28M2RN,‎SafariIndustries,https://www.amazon.in//Safari-Sheild-Resistant-Casual-Backpack/dp/B09B28M2RN/ref=sr_1_42?crid=2M096C61O4MLT&keywords=bags&qid=1693221826&sprefix=ba%2Caps%2C283&sr=8-42
Red Lemon Medium Size Unisex Adult Bange Series Rhombus Shell Design Waterproof Sling Bag With Usb Charging,"1,899",4.1 out of 5 stars,95,‎B09VGNTDRZ,‎SafariIndustries,https://www.amazon.in//sspa/click?ie=UTF8&spc=MTozNjczNTY4NjYxMzIyNjA0OjE2OTMyMjE4MjY6c3BfbXRmOjIwMDk4NzE5MDg2ODk4OjowOjo&url=%2FRed-Lemon-Unisex-adult-Waterproof-Charging%2Fdp%2FB09VGNTDRZ%2Fref%3Dsr_1_43_sspa%3Fcrid%3D2M096C61O4MLT%26keywords%3Dbags%26qid%3D1693221826%26sprefix%3Dba%252Caps%252C283%26sr%3D8-43-spons%26sp_csd%3Dd2lkZ2V0TmFtZT1zcF9tdGY%26psc%3D1
"uppercase Medium 17 Ltrs Vegan Leather (upto 14 inch) Laptop Backpack 2300EBP1 3x more water resistant sustainable bags with rain proof zippers for Men, Women, Boys and Girls, 750 Days warranty","1,600",4.1 out of 5 stars,544,‎B0B69M182Q,‎AcefourAccessoriesPvt.Ltd.,https://www.amazon.in//sspa/click?ie=UTF8&spc=MTozNjczNTY4NjYxMzIyNjA0OjE2OTMyMjE4MjY6c3BfbXRmOjIwMDYzNzg0NDU4Mzk4OjowOjo&url=%2Fuppercase-Backpack-2300EBP1-repellent-sustainable%2Fdp%2FB0B69M182Q%2Fref%3Dsr_1_44_sspa%3Fcrid%3D2M096C61O4MLT%26keywords%3Dbags%26qid%3D1693221826%26sprefix%3Dba%252Caps%252C283%26sr%3D8-44-spons%26sp_csd%3Dd2lkZ2V0TmFtZT1zcF9tdGY%26psc%3D1
"Tabelito® NEO 3O L Water Resistant Laptop/College/Office/School/Travel/Business Bag, Unisex Backpack for Men Women Fits Up to 15.6 Inch Laptop Notebook.",399,4.0 out of 5 stars,195,‎B0C2D2Q52R,‎‎TabelitoTradeIndia,https://www.amazon.in//Tabelito-NEO-Backpack-Business-Compartment/dp/B0C2D2Q52R/ref=sr_1_45?crid=2M096C61O4MLT&keywords=bags&qid=1693221826&sprefix=ba%2Caps%2C283&sr=8-45
"TRUE HUMAN® Emperor Anti-Theft Pocket backpack With USB charging Port Laptop,office,college,travel bag for men and women(Epower)",599,3.6 out of 5 stars,283,‎B0BYB631NR,‎Ramaluxurystore,https://www.amazon.in//TRUE-Emperor-Anti-Theft-backpack-charging/dp/B0BYB631NR/ref=sr_1_46?crid=2M096C61O4MLT&keywords=bags&qid=1693221826&sprefix=ba%2Caps%2C283&sr=8-46
"Wesley Unisex Milestone Casual Waterproof Laptop Office School College Business Travel Backpack 25 L (Dimensions: 12.5x18 inches) (Compatible with 15.6 inch laptops), Navy Blue",399,4.3 out of 5 stars,"13,295",B07K8KLB3P,‎Ramaluxurystore,https://www.amazon.in//Wesley-Milestone-Waterproof-Backpack-Business/dp/B07K8KLB3P/ref=sr_1_47?crid=2M096C61O4MLT&keywords=bags&qid=1693221826&sprefix=ba%2Caps%2C283&sr=8-47
"American Tourister VALEX BLACK LAPTOP BACKPACK 28 Ltrs,Volume, LAPTOP COMPARTMENT, BOTTLE POCKET, FRONT ORGANIZER","1,399",4.3 out of 5 stars,907,‎B0BTD4S4XF,‎EXPERTS,https://www.amazon.in//American-Tourister-BACKPACK-COMPARTMENT-ORGANIZER/dp/B0BTD4S4XF/ref=sr_1_48?crid=2M096C61O4MLT&keywords=bags&qid=1693221826&sprefix=ba%2Caps%2C283&sr=8-48
NIVIA Basic Duffle Polyester Bag/Gym Bags/Adjustable Shoulder Bag for Men/Duffle Gym Bags for Men/Fitness Bag/Carry Bags/Sports & Travel Bag/Sports Kit/Duffle Bags Travel,255.,3.9 out of 5 stars,"3,866",B07FWQ9HRV,"Freewill Sports Private Limited, Freewill Sports Private Limited - 391 Leather Complex Kapurthala Road Jalandhar,144021 (Punjab) Contact No. - 0181-5057000,5099000",https://www.amazon.in//Nivia-6853-Polyester-Basic-Duffle/dp/B07FWQ9HRV/ref=sr_1_49?crid=2M096C61O4MLT&keywords=bags&qid=1693221826&sprefix=ba%2Caps%2C283&sr=8-49
DZert Clasy Laptop Bag College Bag for Boys Girls 21 L Blue White,339,3.8 out of 5 stars,"2,553",‎B07GXYHFCY,‎No,https://www.amazon.in//DZert-School-Polyester-Backpack-White/dp/B07GXYHFCY/ref=sr_1_50?crid=2M096C61O4MLT&keywords=bags&qid=1693221826&sprefix=ba%2Caps%2C283&sr=8-50
NIVIA Beast Gym Bag-4 Polyester/Unisex Gym Bags/Shoulder Bag for Men & Women with Separate Shoes Compartment/Carry Gym Accessories/Fitness Bag/Sports & Travel Bag/Sports Kit,501,4.2 out of 5 stars,"3,518",B071KNXQ7Y,"Freewill Sports Private Limited, Freewill Sports Pvt Ltd. - 391 Leather Complex Kapurthala Road Jalandhar,144021 (Punjab) Contact No. - 0181-5057000,5099000",https://www.amazon.in//Nivia-5183-Polyester-Duffle-Medium/dp/B071KNXQ7Y/ref=sr_1_51?crid=2M096C61O4MLT&keywords=bags&qid=1693221826&sprefix=ba%2Caps%2C283&sr=8-51
"Safari Sneak Casual Backpack with USB Charging Port 26 Ltrs Water Resistant Fabric - Grey, L (SNEAK19CBGRE)",959,3.7 out of 5 stars,"1,060",‎B09B2581S9,‎SafariIndustries,https://www.amazon.in//Safari-Casual-Backpack-Charging-Resistant/dp/B09B2581S9/ref=sr_1_52?crid=2M096C61O4MLT&keywords=bags&qid=1693221826&sprefix=ba%2Caps%2C283&sr=8-52
FRBG-NAVY BLUE LAPTOP BACKPACK,799,5.0 out of 5 stars,1,‎B0B5VHV5NH,"‎FOREVERBAGSIBLDNG.NO.B7B,GALANO.102/103/104,ParasnathComplex,Bhiwandi-421302",https://www.amazon.in//sspa/click?ie=UTF8&spc=MTozNjczNTY4NjYxMzIyNjA0OjE2OTMyMjE4MjY6c3BfYnRmOjIwMTAzMjc2MzA0MTk4OjowOjo&url=%2FGeneric-FRBG-004-FRBG-NAVY-LAPTOP-BACKPACK%2Fdp%2FB0B5VHV5NH%2Fref%3Dsr_1_53_sspa%3Fcrid%3D2M096C61O4MLT%26keywords%3Dbags%26qid%3D1693221826%26sprefix%3Dba%252Caps%252C283%26sr%3D8-53-spons%26sp_csd%3Dd2lkZ2V0TmFtZT1zcF9idGY%26psc%3D1
uppercase 14 Ltrs Medium (14.6 Inch) Laptop Backpack 2100EBP1 Roll Top Office College 3x More Water Repellent Sustainable Bags With Rainproof Zippers For Unisex,"1,000",4.2 out of 5 stars,182,‎B0B691HSL3,‎AcefourAccessoriesPvt.Ltd.,https://www.amazon.in//sspa/click?ie=UTF8&spc=MTozNjczNTY4NjYxMzIyNjA0OjE2OTMyMjE4MjY6c3BfYnRmOjIwMDk3NTc5NTAxNzk4OjowOjo&url=%2FUppercase-Medium-Laptop-Backpack-2100Ebp1%2Fdp%2FB0B691HSL3%2Fref%3Dsr_1_54_sspa%3Fcrid%3D2M096C61O4MLT%26keywords%3Dbags%26qid%3D1693221826%26sprefix%3Dba%252Caps%252C283%26sr%3D8-54-spons%26sp_csd%3Dd2lkZ2V0TmFtZT1zcF9idGY%26psc%3D1
"uppercase Medium 23 Ltrs Tall Boy (14.6 inch) Laptop Backpack 2500EBP1 3x more water resistant sustainable bag with rain proof zippers for Men, Women, Boys and Girls, 750 Days warranty","1,700",4.0 out of 5 stars,269,‎B0B81YTTWS,‎AcefourAccessoriesPvt.Ltd.,https://www.amazon.in//sspa/click?ie=UTF8&spc=MToxNDUzMjI4NjA0NjE4NjA0OjE2OTMyMjE4NTU6c3BfYXRmX25leHQ6MjAwNjU1MzM2ODQ2OTg6OjA6Og&url=%2FUppercase-Medium-Size-Backpack-_Blue%2Fdp%2FB0B81YTTWS%2Fref%3Dsr_1_49_sspa%3Fcrid%3D2M096C61O4MLT%26keywords%3Dbags%26qid%3D1693221855%26sprefix%3Dba%252Caps%252C283%26sr%3D8-49-spons%26sp_csd%3Dd2lkZ2V0TmFtZT1zcF9hdGZfbmV4dA%26psc%3D1
Forever Manifest Large 35 L Laptop Backpack Spacy unisex Backpack with rain cover (Navy Blue),799,No rating,No reviews,‎B0B9JRQ7HH,"‎FOREVERBAGSIBLDNG.NO.B7B,GALANO.102/103/104,ParasnathComplex,Bhiwandi-421302",https://www.amazon.in//sspa/click?ie=UTF8&spc=MToxNDUzMjI4NjA0NjE4NjA0OjE2OTMyMjE4NTU6c3BfYXRmX25leHQ6MjAxMDMyNzYzMDM0OTg6OjA6Og&url=%2FForever-Manifest-Laptop-Backpack-unisex%2Fdp%2FB0B9JRQ7HH%2Fref%3Dsr_1_50_sspa%3Fcrid%3D2M096C61O4MLT%26keywords%3Dbags%26qid%3D1693221855%26sprefix%3Dba%252Caps%252C283%26sr%3D8-50-spons%26sp_csd%3Dd2lkZ2V0TmFtZT1zcF9hdGZfbmV4dA%26psc%3D1
NIVIA Beast Gym Bag-4 Polyester/Unisex Gym Bags/Shoulder Bag for Men & Women with Separate Shoes Compartment/Carry Gym Accessories/Fitness Bag/Sports & Travel Bag/Sports Kit,501,4.2 out of 5 stars,"3,518",B071KNXQ7Y,"Freewill Sports Private Limited, Freewill Sports Pvt Ltd. - 391 Leather Complex Kapurthala Road Jalandhar,144021 (Punjab) Contact No. - 0181-5057000,5099000",https://www.amazon.in//Nivia-5183-Polyester-Duffle-Medium/dp/B071KNXQ7Y/ref=sr_1_51?crid=2M096C61O4MLT&keywords=bags&qid=1693221855&sprefix=ba%2Caps%2C283&sr=8-51
ADISA 32L large laptop backpack office bag college travel back pack with rain cover,599,3.9 out of 5 stars,331,‎B0BPVCBFM7,‎ADISA,https://www.amazon.in//ADISA-Laptop-Backpack-Office-College/dp/B0BPVCBFM7/ref=sr_1_52?crid=2M096C61O4MLT&keywords=bags&qid=1693221855&sprefix=ba%2Caps%2C283&sr=8-52
Safari Sheild 26 Ltrs Water Resistant Casual Backpack - (SHEILD19CBBLK),709,4.0 out of 5 stars,563,‎B09B28M2RN,‎SafariIndustries,https://www.amazon.in//Safari-Sheild-Resistant-Casual-Backpack/dp/B09B28M2RN/ref=sr_1_53?crid=2M096C61O4MLT&keywords=bags&qid=1693221855&sprefix=ba%2Caps%2C283&sr=8-53
Nelle Harper Women's Handbag,959,3.6 out of 5 stars,"1,926",‎B07JGQM7DC,‎RedTurksIndia,https://www.amazon.in//Nelle-Harper-Womens-Sling-Green/dp/B07JGQM7DC/ref=sr_1_54?crid=2M096C61O4MLT&keywords=bags&qid=1693221855&sprefix=ba%2Caps%2C283&sr=8-54
Skybags Unisex Gucci Fabric Backpacks,849,3.9 out of 5 stars,412,‎B0B21XCFRM,"‎VIPIndustriesLimited,DGPHouse, 88C,OldPrabhadeviRoad,Prabhadevi,Mumbai400025.India",https://www.amazon.in//Skybags-Unisex-Gucci-Fabric-Backpacks/dp/B0B21XCFRM/ref=sr_1_55?crid=2M096C61O4MLT&keywords=bags&qid=1693221855&sprefix=ba%2Caps%2C283&sr=8-55
"TRUE HUMAN® Emperor Anti-Theft Pocket backpack With USB charging Port Laptop,office,college,travel bag for men and women(Epower)",599,3.6 out of 5 stars,283,‎B0BYB631NR,‎Ramaluxurystore,https://www.amazon.in//TRUE-Emperor-Anti-Theft-backpack-charging/dp/B0BYB631NR/ref=sr_1_56?crid=2M096C61O4MLT&keywords=bags&qid=1693221855&sprefix=ba%2Caps%2C283&sr=8-56
"Lenovo 15.6"" Professional Backpack, Made in India, Water-resistant,Uncompromised storage, Travel friendly:Fleece-lined PC compartment,Vented,Padded BackPanel & Adjustable shoulder straps,Luggage strap",700,4.2 out of 5 stars,"1,012",‎B08R7S55H4,‎Lenovo,https://www.amazon.in//Lenovo-Professional-Backpack-Water-resistant-Uncompromised/dp/B08R7S55H4/ref=sr_1_57?crid=2M096C61O4MLT&keywords=bags&qid=1693221855&sprefix=ba%2Caps%2C283&sr=8-57
Arctic Hunter Backpack for Men Premium Business Backpack Office Travel Laptop Bag with 15.6 Inch Laptop Pocket Water/Scratch-resistant Multiple Pocket Comfortable and Padded Backpack for Men,"5,699",4.4 out of 5 stars,183,‎B0B6FNPN76,‎Lenovo,https://www.amazon.in//Backpack-Business-Scratch-resistant-Multiple-Comfortable/dp/B0B6FNPN76/ref=sr_1_58?crid=2M096C61O4MLT&keywords=bags&qid=1693221855&sprefix=ba%2Caps%2C283&sr=8-58
Red Lemon Medium Size Unisex Adult Bange Series Rhombus Shell Design Waterproof Sling Bag With Usb Charging,"1,899",4.1 out of 5 stars,95,‎B09VGNTDRZ,‎Lenovo,https://www.amazon.in//sspa/click?ie=UTF8&spc=MToxNDUzMjI4NjA0NjE4NjA0OjE2OTMyMjE4NTU6c3BfbXRmOjIwMDk4NzE5MDg2ODk4OjowOjo&url=%2FRed-Lemon-Unisex-adult-Waterproof-Charging%2Fdp%2FB09VGNTDRZ%2Fref%3Dsr_1_59_sspa%3Fcrid%3D2M096C61O4MLT%26keywords%3Dbags%26qid%3D1693221855%26sprefix%3Dba%252Caps%252C283%26sr%3D8-59-spons%26sp_csd%3Dd2lkZ2V0TmFtZT1zcF9tdGY%26psc%3D1
"uppercase Medium 17 Ltrs Vegan Leather (upto 14 inch) Laptop Backpack 2300EBP1 3x more water resistant sustainable bags with rain proof zippers for Men, Women, Boys and Girls, 750 Days warranty","1,600",4.1 out of 5 stars,544,‎B0B69M182Q,‎AcefourAccessoriesPvt.Ltd.,https://www.amazon.in//sspa/click?ie=UTF8&spc=MToxNDUzMjI4NjA0NjE4NjA0OjE2OTMyMjE4NTU6c3BfbXRmOjIwMDYzNzg0NDU4Mzk4OjowOjo&url=%2Fuppercase-Backpack-2300EBP1-repellent-sustainable%2Fdp%2FB0B69M182Q%2Fref%3Dsr_1_60_sspa%3Fcrid%3D2M096C61O4MLT%26keywords%3Dbags%26qid%3D1693221855%26sprefix%3Dba%252Caps%252C283%26sr%3D8-60-spons%26sp_csd%3Dd2lkZ2V0TmFtZT1zcF9tdGY%26psc%3D1
"WILDHORN 31L Laptop Backpack for Men/Women I Fits upto 15.6"" Laptop I Waterproof I Travel/Business/College Bookbags",599,4.1 out of 5 stars,"1,647",‎B09QL81ZHB,‎WildHorn,https://www.amazon.in//WILDHORN-Backpack-Compartment-Business-Stitching/dp/B09QL81ZHB/ref=sr_1_61?crid=2M096C61O4MLT&keywords=bags&qid=1693221855&sprefix=ba%2Caps%2C283&sr=8-61
NIVIA Basic Duffle Polyester Bag/Gym Bags/Adjustable Shoulder Bag for Men/Duffle Gym Bags for Men/Fitness Bag/Carry Bags/Sports & Travel Bag/Sports Kit/Duffle Bags Travel,231,3.9 out of 5 stars,"3,866",B07NLB6FRS,"Nivia, Freewill Sports Pvt Ltd. - 391 Leather Complex Kapurthala Road Jalandhar,144021 (Punjab) Contact No. - 0181-5057000,5099000",https://www.amazon.in//Nivia-6853BKGR-Polyester-Black-Grey/dp/B07NLB6FRS/ref=sr_1_62?crid=2M096C61O4MLT&keywords=bags&qid=1693221855&sprefix=ba%2Caps%2C283&sr=8-62
Gear Vintage2 28L Medium Size Faux Leather Water Resistant Anti Theft Unisex LaptopBackpack- Navy,979,4.4 out of 5 stars,"3,354",‎B07G4HH78P,‎GearMerchandisePVTLTD,https://www.amazon.in//Gear-Vintage2-Leather-Backpack-LBPVG2LTH0501/dp/B07G4HH78P/ref=sr_1_63?crid=2M096C61O4MLT&keywords=bags&qid=1693221855&sprefix=ba%2Caps%2C283&sr=8-63
ADISA Women's Girls Party Sling Bag Crossbody,394,4.0 out of 5 stars,621,‎B0B2WBJ2H8,‎ADISA,https://www.amazon.in//ADISA-Womens-Girls-Party-Crossbody/dp/B0B2WBJ2H8/ref=sr_1_64?crid=2M096C61O4MLT&keywords=bags&qid=1693221855&sprefix=ba%2Caps%2C283&sr=8-64
"Dyazo Water Resistant Camera Bag/Case Shoulder Strap Space for Photography Lens and Accessories Compatible for Nikon, Canon, Sony, Panasonic, Samsung & Other SLR/DSLR etc (Black & Silver)",799,4.3 out of 5 stars,539,‎B0BRJLWQ6R,‎Dyazo,https://www.amazon.in//Resistant-Photography-Accessories-Compatible-Panasonic/dp/B0BRJLWQ6R/ref=sr_1_65?crid=2M096C61O4MLT&keywords=bags&qid=1693221855&sprefix=ba%2Caps%2C283&sr=8-65
Lenovo 15.6-inch Casual Laptop Briefcase T210,979,4.2 out of 5 stars,"20,924",‎B075Y6Y9H5,‎No,https://www.amazon.in//Lenovo-Carrying-15-6-Inch-Toploader-GX40Q17229/dp/B075Y6Y9H5/ref=sr_1_66?crid=2M096C61O4MLT&keywords=bags&qid=1693221855&sprefix=ba%2Caps%2C283&sr=8-66
"Safari Spartan 21 Ltrs Water Resistant Backpack - Teal, S (SPARTAN19CBTEA)",609,3.8 out of 5 stars,965,‎B09B277CR5,‎SafariIndustries,https://www.amazon.in//Safari-Spartan-Water-Resistant-Backpack/dp/B09B277CR5/ref=sr_1_67?crid=2M096C61O4MLT&keywords=bags&qid=1693221855&sprefix=ba%2Caps%2C283&sr=8-67
Zipline Unisex casual polyester 36 L Backpack School Bag Women Men Boys Girls children Daypack College Bag Book School Sports Bag Weekend Bag,843,4.0 out of 5 stars,"6,378",‎B07XVMR33Q,‎AtulituAgency,https://www.amazon.in//ZIPLINE-Polyester-Backpack-Children-Daypack/dp/B07XVMR33Q/ref=sr_1_68?crid=2M096C61O4MLT&keywords=bags&qid=1693221855&sprefix=ba%2Caps%2C283&sr=8-68
FRBG-NAVY BLUE LAPTOP BACKPACK,799,5.0 out of 5 stars,1,‎B0B5VHV5NH,"‎FOREVERBAGSIBLDNG.NO.B7B,GALANO.102/103/104,ParasnathComplex,Bhiwandi-421302",https://www.amazon.in//sspa/click?ie=UTF8&spc=MToxNDUzMjI4NjA0NjE4NjA0OjE2OTMyMjE4NTU6c3BfYnRmOjIwMTAzMjc2MzA0MTk4OjowOjo&url=%2FGeneric-FRBG-004-FRBG-NAVY-LAPTOP-BACKPACK%2Fdp%2FB0B5VHV5NH%2Fref%3Dsr_1_69_sspa%3Fcrid%3D2M096C61O4MLT%26keywords%3Dbags%26qid%3D1693221855%26sprefix%3Dba%252Caps%252C283%26sr%3D8-69-spons%26sp_csd%3Dd2lkZ2V0TmFtZT1zcF9idGY%26psc%3D1
uppercase 14 Ltrs Medium (14.6 Inch) Laptop Backpack 2100EBP1 Roll Top Office College 3x More Water Repellent Sustainable Bags With Rainproof Zippers For Unisex,"1,000",4.2 out of 5 stars,182,‎B0B691HSL3,‎AcefourAccessoriesPvt.Ltd.,https://www.amazon.in//sspa/click?ie=UTF8&spc=MToxNDUzMjI4NjA0NjE4NjA0OjE2OTMyMjE4NTU6c3BfYnRmOjIwMDk3NTc5NTAxNzk4OjowOjo&url=%2FUppercase-Medium-Laptop-Backpack-2100Ebp1%2Fdp%2FB0B691HSL3%2Fref%3Dsr_1_70_sspa%3Fcrid%3D2M096C61O4MLT%26keywords%3Dbags%26qid%3D1693221855%26sprefix%3Dba%252Caps%252C283%26sr%3D8-70-spons%26sp_csd%3Dd2lkZ2V0TmFtZT1zcF9idGY%26psc%3D1
"uppercase Medium 23 Ltrs Tall Boy (14.6 inch) Laptop Backpack 2500EBP1 3x more water resistant sustainable bag with rain proof zippers for Men, Women, Boys and Girls, 750 Days warranty","1,700",4.0 out of 5 stars,269,‎B0B81YTTWS,‎AcefourAccessoriesPvt.Ltd.,https://www.amazon.in//sspa/click?ie=UTF8&spc=MToxNDUzMjI4NjA0NjE4NjA0OjE2OTMyMjE4NTU6c3BfYXRmX25leHQ6MjAwNjU1MzM2ODQ2OTg6OjA6Og&url=%2FUppercase-Medium-Size-Backpack-_Blue%2Fdp%2FB0B81YTTWS%2Fref%3Dsr_1_49_sspa%3Fcrid%3D2M096C61O4MLT%26keywords%3Dbags%26qid%3D1693221855%26sprefix%3Dba%252Caps%252C283%26sr%3D8-49-spons%26sp_csd%3Dd2lkZ2V0TmFtZT1zcF9hdGZfbmV4dA%26psc%3D1
Forever Manifest Large 35 L Laptop Backpack Spacy unisex Backpack with rain cover (Navy Blue),799,No rating,No reviews,‎B0B9JRQ7HH,"‎FOREVERBAGSIBLDNG.NO.B7B,GALANO.102/103/104,ParasnathComplex,Bhiwandi-421302",https://www.amazon.in//sspa/click?ie=UTF8&spc=MToxNDUzMjI4NjA0NjE4NjA0OjE2OTMyMjE4NTU6c3BfYXRmX25leHQ6MjAxMDMyNzYzMDM0OTg6OjA6Og&url=%2FForever-Manifest-Laptop-Backpack-unisex%2Fdp%2FB0B9JRQ7HH%2Fref%3Dsr_1_50_sspa%3Fcrid%3D2M096C61O4MLT%26keywords%3Dbags%26qid%3D1693221855%26sprefix%3Dba%252Caps%252C283%26sr%3D8-50-spons%26sp_csd%3Dd2lkZ2V0TmFtZT1zcF9hdGZfbmV4dA%26psc%3D1
NIVIA Beast Gym Bag-4 Polyester/Unisex Gym Bags/Shoulder Bag for Men & Women with Separate Shoes Compartment/Carry Gym Accessories/Fitness Bag/Sports & Travel Bag/Sports Kit,501,4.2 out of 5 stars,"3,518",B071KNXQ7Y,"Freewill Sports Private Limited, Freewill Sports Pvt Ltd. - 391 Leather Complex Kapurthala Road Jalandhar,144021 (Punjab) Contact No. - 0181-5057000,5099000",https://www.amazon.in//Nivia-5183-Polyester-Duffle-Medium/dp/B071KNXQ7Y/ref=sr_1_51?crid=2M096C61O4MLT&keywords=bags&qid=1693221855&sprefix=ba%2Caps%2C283&sr=8-51
ADISA 32L large laptop backpack office bag college travel back pack with rain cover,599,3.9 out of 5 stars,331,‎B0BPVCBFM7,‎ADISA,https://www.amazon.in//ADISA-Laptop-Backpack-Office-College/dp/B0BPVCBFM7/ref=sr_1_52?crid=2M096C61O4MLT&keywords=bags&qid=1693221855&sprefix=ba%2Caps%2C283&sr=8-52
Safari Sheild 26 Ltrs Water Resistant Casual Backpack - (SHEILD19CBBLK),709,4.0 out of 5 stars,563,‎B09B28M2RN,‎SafariIndustries,https://www.amazon.in//Safari-Sheild-Resistant-Casual-Backpack/dp/B09B28M2RN/ref=sr_1_53?crid=2M096C61O4MLT&keywords=bags&qid=1693221855&sprefix=ba%2Caps%2C283&sr=8-53
Nelle Harper Women's Handbag,959,3.6 out of 5 stars,"1,926",‎B07JGQM7DC,‎RedTurksIndia,https://www.amazon.in//Nelle-Harper-Womens-Sling-Green/dp/B07JGQM7DC/ref=sr_1_54?crid=2M096C61O4MLT&keywords=bags&qid=1693221855&sprefix=ba%2Caps%2C283&sr=8-54
Skybags Unisex Gucci Fabric Backpacks,849,3.9 out of 5 stars,412,‎B0B21XCFRM,"‎VIPIndustriesLimited,DGPHouse, 88C,OldPrabhadeviRoad,Prabhadevi,Mumbai400025.India",https://www.amazon.in//Skybags-Unisex-Gucci-Fabric-Backpacks/dp/B0B21XCFRM/ref=sr_1_55?crid=2M096C61O4MLT&keywords=bags&qid=1693221855&sprefix=ba%2Caps%2C283&sr=8-55
"TRUE HUMAN® Emperor Anti-Theft Pocket backpack With USB charging Port Laptop,office,college,travel bag for men and women(Epower)",599,3.6 out of 5 stars,283,‎B0BYB631NR,‎Ramaluxurystore,https://www.amazon.in//TRUE-Emperor-Anti-Theft-backpack-charging/dp/B0BYB631NR/ref=sr_1_56?crid=2M096C61O4MLT&keywords=bags&qid=1693221855&sprefix=ba%2Caps%2C283&sr=8-56
"Lenovo 15.6"" Professional Backpack, Made in India, Water-resistant,Uncompromised storage, Travel friendly:Fleece-lined PC compartment,Vented,Padded BackPanel & Adjustable shoulder straps,Luggage strap",700,4.2 out of 5 stars,"1,012",‎B08R7S55H4,‎Lenovo,https://www.amazon.in//Lenovo-Professional-Backpack-Water-resistant-Uncompromised/dp/B08R7S55H4/ref=sr_1_57?crid=2M096C61O4MLT&keywords=bags&qid=1693221855&sprefix=ba%2Caps%2C283&sr=8-57
Arctic Hunter Backpack for Men Premium Business Backpack Office Travel Laptop Bag with 15.6 Inch Laptop Pocket Water/Scratch-resistant Multiple Pocket Comfortable and Padded Backpack for Men,"5,699",4.4 out of 5 stars,183,‎B0B6FNPN76,‎Lenovo,https://www.amazon.in//Backpack-Business-Scratch-resistant-Multiple-Comfortable/dp/B0B6FNPN76/ref=sr_1_58?crid=2M096C61O4MLT&keywords=bags&qid=1693221855&sprefix=ba%2Caps%2C283&sr=8-58
Red Lemon Medium Size Unisex Adult Bange Series Rhombus Shell Design Waterproof Sling Bag With Usb Charging,"1,899",4.1 out of 5 stars,95,‎B09VGNTDRZ,‎Lenovo,https://www.amazon.in//sspa/click?ie=UTF8&spc=MToxNDUzMjI4NjA0NjE4NjA0OjE2OTMyMjE4NTU6c3BfbXRmOjIwMDk4NzE5MDg2ODk4OjowOjo&url=%2FRed-Lemon-Unisex-adult-Waterproof-Charging%2Fdp%2FB09VGNTDRZ%2Fref%3Dsr_1_59_sspa%3Fcrid%3D2M096C61O4MLT%26keywords%3Dbags%26qid%3D1693221855%26sprefix%3Dba%252Caps%252C283%26sr%3D8-59-spons%26sp_csd%3Dd2lkZ2V0TmFtZT1zcF9tdGY%26psc%3D1
"uppercase Medium 17 Ltrs Vegan Leather (upto 14 inch) Laptop Backpack 2300EBP1 3x more water resistant sustainable bags with rain proof zippers for Men, Women, Boys and Girls, 750 Days warranty","1,600",4.1 out of 5 stars,544,‎B0B69M182Q,‎AcefourAccessoriesPvt.Ltd.,https://www.amazon.in//sspa/click?ie=UTF8&spc=MToxNDUzMjI4NjA0NjE4NjA0OjE2OTMyMjE4NTU6c3BfbXRmOjIwMDYzNzg0NDU4Mzk4OjowOjo&url=%2Fuppercase-Backpack-2300EBP1-repellent-sustainable%2Fdp%2FB0B69M182Q%2Fref%3Dsr_1_60_sspa%3Fcrid%3D2M096C61O4MLT%26keywords%3Dbags%26qid%3D1693221855%26sprefix%3Dba%252Caps%252C283%26sr%3D8-60-spons%26sp_csd%3Dd2lkZ2V0TmFtZT1zcF9tdGY%26psc%3D1
"WILDHORN 31L Laptop Backpack for Men/Women I Fits upto 15.6"" Laptop I Waterproof I Travel/Business/College Bookbags",599,4.1 out of 5 stars,"1,647",‎B09QL81ZHB,‎WildHorn,https://www.amazon.in//WILDHORN-Backpack-Compartment-Business-Stitching/dp/B09QL81ZHB/ref=sr_1_61?crid=2M096C61O4MLT&keywords=bags&qid=1693221855&sprefix=ba%2Caps%2C283&sr=8-61
NIVIA Basic Duffle Polyester Bag/Gym Bags/Adjustable Shoulder Bag for Men/Duffle Gym Bags for Men/Fitness Bag/Carry Bags/Sports & Travel Bag/Sports Kit/Duffle Bags Travel,231,3.9 out of 5 stars,"3,866",B07NLB6FRS,"Nivia, Freewill Sports Pvt Ltd. - 391 Leather Complex Kapurthala Road Jalandhar,144021 (Punjab) Contact No. - 0181-5057000,5099000",https://www.amazon.in//Nivia-6853BKGR-Polyester-Black-Grey/dp/B07NLB6FRS/ref=sr_1_62?crid=2M096C61O4MLT&keywords=bags&qid=1693221855&sprefix=ba%2Caps%2C283&sr=8-62
Gear Vintage2 28L Medium Size Faux Leather Water Resistant Anti Theft Unisex LaptopBackpack- Navy,979,4.4 out of 5 stars,"3,354",‎B07G4HH78P,‎GearMerchandisePVTLTD,https://www.amazon.in//Gear-Vintage2-Leather-Backpack-LBPVG2LTH0501/dp/B07G4HH78P/ref=sr_1_63?crid=2M096C61O4MLT&keywords=bags&qid=1693221855&sprefix=ba%2Caps%2C283&sr=8-63
ADISA Women's Girls Party Sling Bag Crossbody,394,4.0 out of 5 stars,621,‎B0B2WBJ2H8,‎ADISA,https://www.amazon.in//ADISA-Womens-Girls-Party-Crossbody/dp/B0B2WBJ2H8/ref=sr_1_64?crid=2M096C61O4MLT&keywords=bags&qid=1693221855&sprefix=ba%2Caps%2C283&sr=8-64
"Dyazo Water Resistant Camera Bag/Case Shoulder Strap Space for Photography Lens and Accessories Compatible for Nikon, Canon, Sony, Panasonic, Samsung & Other SLR/DSLR etc (Black & Silver)",799,4.3 out of 5 stars,539,‎B0BRJLWQ6R,‎Dyazo,https://www.amazon.in//Resistant-Photography-Accessories-Compatible-Panasonic/dp/B0BRJLWQ6R/ref=sr_1_65?crid=2M096C61O4MLT&keywords=bags&qid=1693221855&sprefix=ba%2Caps%2C283&sr=8-65
Lenovo 15.6-inch Casual Laptop Briefcase T210,979,4.2 out of 5 stars,"20,924",‎B075Y6Y9H5,‎No,https://www.amazon.in//Lenovo-Carrying-15-6-Inch-Toploader-GX40Q17229/dp/B075Y6Y9H5/ref=sr_1_66?crid=2M096C61O4MLT&keywords=bags&qid=1693221855&sprefix=ba%2Caps%2C283&sr=8-66
"Safari Spartan 21 Ltrs Water Resistant Backpack - Teal, S (SPARTAN19CBTEA)",609,3.8 out of 5 stars,965,‎B09B277CR5,‎SafariIndustries,https://www.amazon.in//Safari-Spartan-Water-Resistant-Backpack/dp/B09B277CR5/ref=sr_1_67?crid=2M096C61O4MLT&keywords=bags&qid=1693221855&sprefix=ba%2Caps%2C283&sr=8-67
Zipline Unisex casual polyester 36 L Backpack School Bag Women Men Boys Girls children Daypack College Bag Book School Sports Bag Weekend Bag,843,4.0 out of 5 stars,"6,378",‎B07XVMR33Q,‎AtulituAgency,https://www.amazon.in//ZIPLINE-Polyester-Backpack-Children-Daypack/dp/B07XVMR33Q/ref=sr_1_68?crid=2M096C61O4MLT&keywords=bags&qid=1693221855&sprefix=ba%2Caps%2C283&sr=8-68
FRBG-NAVY BLUE LAPTOP BACKPACK,799,5.0 out of 5 stars,1,‎B0B5VHV5NH,"‎FOREVERBAGSIBLDNG.NO.B7B,GALANO.102/103/104,ParasnathComplex,Bhiwandi-421302",https://www.amazon.in//sspa/click?ie=UTF8&spc=MToxNDUzMjI4NjA0NjE4NjA0OjE2OTMyMjE4NTU6c3BfYnRmOjIwMTAzMjc2MzA0MTk4OjowOjo&url=%2FGeneric-FRBG-004-FRBG-NAVY-LAPTOP-BACKPACK%2Fdp%2FB0B5VHV5NH%2Fref%3Dsr_1_69_sspa%3Fcrid%3D2M096C61O4MLT%26keywords%3Dbags%26qid%3D1693221855%26sprefix%3Dba%252Caps%252C283%26sr%3D8-69-spons%26sp_csd%3Dd2lkZ2V0TmFtZT1zcF9idGY%26psc%3D1
uppercase 14 Ltrs Medium (14.6 Inch) Laptop Backpack 2100EBP1 Roll Top Office College 3x More Water Repellent Sustainable Bags With Rainproof Zippers For Unisex,"1,000",4.2 out of 5 stars,182,‎B0B691HSL3,‎AcefourAccessoriesPvt.Ltd.,https://www.amazon.in//sspa/click?ie=UTF8&spc=MToxNDUzMjI4NjA0NjE4NjA0OjE2OTMyMjE4NTU6c3BfYnRmOjIwMDk3NTc5NTAxNzk4OjowOjo&url=%2FUppercase-Medium-Laptop-Backpack-2100Ebp1%2Fdp%2FB0B691HSL3%2Fref%3Dsr_1_70_sspa%3Fcrid%3D2M096C61O4MLT%26keywords%3Dbags%26qid%3D1693221855%26sprefix%3Dba%252Caps%252C283%26sr%3D8-70-spons%26sp_csd%3Dd2lkZ2V0TmFtZT1zcF9idGY%26psc%3D1
Red Lemon Arctic Hunter Stylish Men Bag Fit in 15.6 inch Laptop Backpack Usb Charging Port Travel Bagpack,"2,299",4.1 out of 5 stars,95,‎B09WYVNW46,‎EnconImpexPvtLtd,https://www.amazon.in//sspa/click?ie=UTF8&spc=MTo3MjA5NjY2ODg5MzczNjA0OjE2OTMyMjE5MDI6c3BfYXRmX25leHQ6MjAxNTI3NDA2MDAzOTg6OjA6Og&url=%2FRed-Lemon-Stylish-Backpack-Charging%2Fdp%2FB09WYVNW46%2Fref%3Dsr_1_65_sspa%3Fcrid%3D2M096C61O4MLT%26keywords%3Dbags%26qid%3D1693221902%26sprefix%3Dba%252Caps%252C283%26sr%3D8-65-spons%26sp_csd%3Dd2lkZ2V0TmFtZT1zcF9hdGZfbmV4dA%26psc%3D1
"uppercase Medium 17 Ltrs Vegan Leather (upto 14 inch) Laptop Backpack 2300EBP1 3x more water resistant sustainable bags with rain proof zippers for Men, Women, Boys and Girls, 750 Days warranty","1,600",4.1 out of 5 stars,544,‎B0B69M182Q,‎AcefourAccessoriesPvt.Ltd.,https://www.amazon.in//sspa/click?ie=UTF8&spc=MTo3MjA5NjY2ODg5MzczNjA0OjE2OTMyMjE5MDI6c3BfYXRmX25leHQ6MjAwNjM3ODQ0NTgzOTg6OjA6Og&url=%2Fuppercase-Backpack-2300EBP1-repellent-sustainable%2Fdp%2FB0B69M182Q%2Fref%3Dsr_1_66_sspa%3Fcrid%3D2M096C61O4MLT%26keywords%3Dbags%26qid%3D1693221902%26sprefix%3Dba%252Caps%252C283%26sr%3D8-66-spons%26sp_csd%3Dd2lkZ2V0TmFtZT1zcF9hdGZfbmV4dA%26psc%3D1
DZert Clasy Laptop Bag College Bag for Boys Girls 21 L Blue White,339,3.8 out of 5 stars,"2,553",‎B07GXYHFCY,‎No,https://www.amazon.in//DZert-School-Polyester-Backpack-White/dp/B07GXYHFCY/ref=sr_1_67?crid=2M096C61O4MLT&keywords=bags&qid=1693221902&sprefix=ba%2Caps%2C283&sr=8-67
Lenovo 15.6-inch Casual Laptop Briefcase T210,979,4.2 out of 5 stars,"20,924",‎B075Y6Y9H5,‎No,https://www.amazon.in//Lenovo-Carrying-15-6-Inch-Toploader-GX40Q17229/dp/B075Y6Y9H5/ref=sr_1_68?crid=2M096C61O4MLT&keywords=bags&qid=1693221902&sprefix=ba%2Caps%2C283&sr=8-68
Half Moon Valex Unisex School Bag/ 15.6 inch Laptop Backpack/College Bagpack/Office Back Packed | Laptop Bag for Men & Women | School Bags for Boys & Girls with Small Pockets & Laptop Compartment,649,3.7 out of 5 stars,99,‎B0C1NZLF67,‎Half_Moon,https://www.amazon.in//Half-Moon-Laptop-Bag-Compartment/dp/B0C1NZLF67/ref=sr_1_69?crid=2M096C61O4MLT&keywords=bags&qid=1693221902&sprefix=ba%2Caps%2C283&sr=8-69
URBAN CARRIER School Bag For girls school bags for boys Class 5-10 Large 4 partition 45 L Laptop Collage Office Travel Unisex Backpack,431,3.4 out of 5 stars,"1,112",‎B09NNYCQ1Q,‎URBANCARRIER,https://www.amazon.in//School-school-partition-Collage-Backpack/dp/B09NNYCQ1Q/ref=sr_1_70?crid=2M096C61O4MLT&keywords=bags&qid=1693221902&sprefix=ba%2Caps%2C283&sr=8-70
"Storite Nylon 46 Cm Multi Purpose Travel Duffle Bag for Women with Dry and Wet Separate Pocket, Lightweight Waterproof Backpack Carry Luggage Bag with Shoe Compartment (GreenPink, 46x23x25 cm)","1,399",4.2 out of 5 stars,385,‎B0B3JBYZ8C,"‎NISUNINC.,B-201,Greenfield4+,Vadodara,Gujarat-391410Email",https://www.amazon.in//Storite-Travel-Bag-Lightweight-GreenPink/dp/B0B3JBYZ8C/ref=sr_1_71?crid=2M096C61O4MLT&keywords=bags&qid=1693221902&sprefix=ba%2Caps%2C283&sr=8-71
"Tabelito® NEO 3O L Water Resistant Laptop/College/Office/School/Travel/Business Bag, Unisex Backpack for Men Women Fits Up to 15.6 Inch Laptop Notebook.",399,4.0 out of 5 stars,195,‎B0C2D2GPWJ,‎‎TabelitoTradeIndia,https://www.amazon.in//Tabelito-NEO-Backpack-Business-Compartment/dp/B0C2D2GPWJ/ref=sr_1_72?crid=2M096C61O4MLT&keywords=bags&qid=1693221902&sprefix=ba%2Caps%2C283&sr=8-72
"Mi Step Out 12 L Mini Backpack (Small Size, Red, Water Repellant)",398,4.1 out of 5 stars,"9,744",B088XG77KN,‎‎TabelitoTradeIndia,https://www.amazon.in//Step-Backpack-Small-Water-Repellant/dp/B088XG77KN/ref=sr_1_73?crid=2M096C61O4MLT&keywords=bags&qid=1693221902&sprefix=ba%2Caps%2C283&sr=8-73
ADISA Women's Girls Party Sling Bag Crossbody,394,4.0 out of 5 stars,621,‎B0B2WBJ2H8,‎ADISA,https://www.amazon.in//ADISA-Womens-Girls-Party-Crossbody/dp/B0B2WBJ2H8/ref=sr_1_74?crid=2M096C61O4MLT&keywords=bags&qid=1693221902&sprefix=ba%2Caps%2C283&sr=8-74
Red Lemon Medium Size Unisex Adult Bange Series Rhombus Shell Design Waterproof Sling Bag With Usb Charging,"1,899",4.1 out of 5 stars,95,‎B09VGNTDRZ,‎ADISA,https://www.amazon.in//sspa/click?ie=UTF8&spc=MTo3MjA5NjY2ODg5MzczNjA0OjE2OTMyMjE5MDI6c3BfbXRmOjIwMDk4NzE5MDg2ODk4OjowOjo&url=%2FRed-Lemon-Unisex-adult-Waterproof-Charging%2Fdp%2FB09VGNTDRZ%2Fref%3Dsr_1_75_sspa%3Fcrid%3D2M096C61O4MLT%26keywords%3Dbags%26qid%3D1693221902%26sprefix%3Dba%252Caps%252C283%26sr%3D8-75-spons%26sp_csd%3Dd2lkZ2V0TmFtZT1zcF9tdGY%26psc%3D1
"uppercase 26 Ltrs Ryder Professional Laptop Backpack (15.6 Inch) 3x more water resistant sustainable bags with rain proof zippers for Men, Women, Boys and Girls, 750 Days warranty","2,400",4.3 out of 5 stars,78,‎B0BXFDK5J2,‎AcefourAccessoriesPvt.Ltd.,https://www.amazon.in//sspa/click?ie=UTF8&spc=MTo3MjA5NjY2ODg5MzczNjA0OjE2OTMyMjE5MDI6c3BfbXRmOjIwMTI3NjgzODcyMzk4OjowOjo&url=%2FUPPERCASE-Professional-Backpack-resistant-sustainable%2Fdp%2FB0BXFDK5J2%2Fref%3Dsr_1_76_sspa%3Fcrid%3D2M096C61O4MLT%26keywords%3Dbags%26qid%3D1693221902%26sprefix%3Dba%252Caps%252C283%26sr%3D8-76-spons%26sp_csd%3Dd2lkZ2V0TmFtZT1zcF9tdGY%26psc%3D1
"WILDHORN 31L Laptop Backpack for Men/Women I Fits upto 15.6"" Laptop I Waterproof I Travel/Business/College Bookbags",599,4.1 out of 5 stars,"1,647",‎B09QL81ZHB,‎WildHorn,https://www.amazon.in//WILDHORN-Backpack-Compartment-Business-Stitching/dp/B09QL81ZHB/ref=sr_1_77?crid=2M096C61O4MLT&keywords=bags&qid=1693221902&sprefix=ba%2Caps%2C283&sr=8-77
"FUR JADEN Anti Theft Number Lock Backpack Bag with 15.6 Inch Laptop Compartment, USB Charging Port & Organizer Pocket for Men Women Boys Girls",679,4.0 out of 5 stars,"5,735",‎B09VTCNN75,‎FURJADEN,https://www.amazon.in//Number-Backpack-Compartment-Charging-Organizer/dp/B09VTCNN75/ref=sr_1_78?crid=2M096C61O4MLT&keywords=bags&qid=1693221902&sprefix=ba%2Caps%2C283&sr=8-78
NORTH ZONE Casual Waterproof Laptop Backpack/Office Bag/School Bag/College Bag/Business Bag/Travel Backpack (Dimensions:13x18 inches) (Compatible with 39.62cm(15.6inch laptop) 30 L,630,4.0 out of 5 stars,628,‎B0BS6QM2GD,‎SHABABAGS,https://www.amazon.in//NORTH-ZONE-Waterproof-Backpack-Dimensions/dp/B0BS6QM2GD/ref=sr_1_79?crid=2M096C61O4MLT&keywords=bags&qid=1693221902&sprefix=ba%2Caps%2C283&sr=8-79
Wildcraft Nylon 44 Ltrs Casual Backpack (11629-Wolf_Black),"1,749",4.3 out of 5 stars,"5,880",‎B079DDT65R,‎No,https://www.amazon.in//Wildcraft-Wolf_Blk-Casual-Backpack-11629-Wolf_Blk/dp/B079DDT65R/ref=sr_1_80?crid=2M096C61O4MLT&keywords=bags&qid=1693221902&sprefix=ba%2Caps%2C283&sr=8-80
F Gear Colorado Grey Orange 39 Ltrs Laptop Backpack (3814),895,4.2 out of 5 stars,227,‎B097K6KD7W,‎UberFashionMerchandisePvtLtd,https://www.amazon.in//Gear-Colorado-Orange-Laptop-Backpack/dp/B097K6KD7W/ref=sr_1_81?crid=2M096C61O4MLT&keywords=bags&qid=1693221902&sprefix=ba%2Caps%2C283&sr=8-81
Half Moon 34 L Water Resistant 15.6 inch Laptop Bag/Backpack for Men Women Boys Girls/Office School College with Padded Laptop Compartment (Grey),698,3.9 out of 5 stars,"1,375",‎B09GG53CSL,‎Half_Moon(ABAmazingBags),https://www.amazon.in//Half-Moon-Resistant-Backpack-Compartment/dp/B09GG53CSL/ref=sr_1_82?crid=2M096C61O4MLT&keywords=bags&qid=1693221902&sprefix=ba%2Caps%2C283&sr=8-82
"Bennett Casual Laptop Bag school bags for boys girls 15.6-inch, 25 LTR Office & College bags for mens Water Repellent Backpack for Men & Women (Black)",512,3.9 out of 5 stars,720,B09WZHX3B1,‎Half_Moon(ABAmazingBags),https://www.amazon.in//Bennett-15-6-inch-College-Repellent-Backpack/dp/B09WZHX3B1/ref=sr_1_83?crid=2M096C61O4MLT&keywords=bags&qid=1693221902&sprefix=ba%2Caps%2C283&sr=8-83
Gear Cross Training 22L Water Resistant Travel Duffle Bag/Gym Bag for Men/Women - Grey Orange,467,4.2 out of 5 stars,"16,730",‎B075MMWRW6,‎Gear,https://www.amazon.in//Gear-Polyester-Travel-Duffle-DUFCRSTNG0406/dp/B075MMWRW6/ref=sr_1_84?crid=2M096C61O4MLT&keywords=bags&qid=1693221902&sprefix=ba%2Caps%2C283&sr=8-84
uppercase 14 Ltrs Medium (14.6 Inch) Laptop Backpack 2100EBP1 Roll Top Office College 3x More Water Repellent Sustainable Bags With Rainproof Zippers For Unisex,"1,000",4.2 out of 5 stars,182,‎B0B691HSL3,‎AcefourAccessoriesPvt.Ltd.,https://www.amazon.in//sspa/click?ie=UTF8&spc=MTo3MjA5NjY2ODg5MzczNjA0OjE2OTMyMjE5MDI6c3BfYnRmOjIwMDk3NTc5NTAxNzk4OjowOjo&url=%2FUppercase-Medium-Laptop-Backpack-2100Ebp1%2Fdp%2FB0B691HSL3%2Fref%3Dsr_1_85_sspa%3Fcrid%3D2M096C61O4MLT%26keywords%3Dbags%26qid%3D1693221902%26sprefix%3Dba%252Caps%252C283%26sr%3D8-85-spons%26sp_csd%3Dd2lkZ2V0TmFtZT1zcF9idGY%26psc%3D1
"uppercase Apex Professional Laptop Backpack (15.6 Inch) 3x more water resistant sustainable bags with rain proof zippers for Men, Women, Boys and Girls, 750 Days warranty","1,800",4.4 out of 5 stars,90,‎B0BWNBQXDZ,‎AcefourAccessoriesPvt.Ltd.,https://www.amazon.in//sspa/click?ie=UTF8&spc=MTo3MjA5NjY2ODg5MzczNjA0OjE2OTMyMjE5MDI6c3BfYnRmOjIwMTI1ODk5OTIwNjk4OjowOjo&url=%2FUppercase-Professional-Backpack-Resistant-Sustainable%2Fdp%2FB0BWNBQXDZ%2Fref%3Dsr_1_86_sspa%3Fcrid%3D2M096C61O4MLT%26keywords%3Dbags%26qid%3D1693221902%26sprefix%3Dba%252Caps%252C283%26sr%3D8-86-spons%26sp_csd%3Dd2lkZ2V0TmFtZT1zcF9idGY%26psc%3D1
